,rank,Video,Video views,Likes,Dislikes,Category,published
0,1,Lil Nas X - Old Town Road (Official Movie) ft. Billy Ray Cyrus,"54,071,677","3,497,955","78,799",Music,2019
1,2,"20 Tennis shots if they were not filmed, NOBODY would believe them","3,471,237","19,023",859,,2017
5,6,JP Saxe - If the World Was Ending (Official Video) ft. Julia Michaels,"76,834,495","804,353","21,195",Music,2019
7,8,"Polo G, Stunna 4 Vegas & NLE Choppa feat. Mike WiLL Made-It - Go Stupid (Official Video)","7,396,199","320,910","6,485",Music,2020
9,10,JD Pantoja - 12‚Ä¢19 (Official Video),"7,010,732","1,027,392","34,185",Music,2020
10,11,Power Star Pawan Kalyan Special Surprise To Sensational Singer Baby|Filmy Poster,"96,686","1,007",82,Entertainment,2018
11,12,Rels B - LA LATINA (Videoclip Oficial),"5,851,411","155,543","3,504",Music,2019
13,14,"Colapesce, Dimartino - Musica leggerissima (Official Video - Sanremo 2021)","6,953,838","116,350","2,059",Music,2021
14,15,Polo G - Flex (Official Audio) ft. Juice WRLD,"3,845,186","122,706","1,305",Music,2020
16,17,LILHUDDY - America's Sweetheart (Official Music Video),"3,086,667","346,074","12,082",Music,2021
21,22,"Ghetto Kids, Kenia OS, Malo - Toketeo (Video Oficial)","1,677,733","211,037","7,579",Music,2021
22,23,Polo G - Be Something (Official Audio) ft. Lil Baby,"2,692,740","99,982","2,393",Music,2020
23,24,TEST Œ≥ŒπŒ±ŒΩŒ± Œ¥ŒµŒπœÇ Œ±ŒΩ Œ≠œáŒµŒπœÇ Œ∫Œ±ŒªŒ¨ ŒºŒ±œÑŒπŒ¨,"699,382","8,436","1,756",People & Blogs,2017
25,26,Olivia Rodrigo - drivers license (Official Video),"68,224,979","3,810,456","48,539",Music,2021
28,29,–í–∫–ª–∞–¥—á–∏–∫–∞–º –Æ–≥—Ä—ã –≤ –¶–µ–Ω—Ç—Ä–æ–±–∞–Ω–∫–µ –Ω–µ —Ä–∞–¥—ã,"204,782","5,352",63,News & Politics,2017
33,34,JD Pantoja - 12‚Ä¢19 (Trailer),"2,144,710","317,352","8,155",Music,2020
35,36,Be√©le - Si Te Interesa (Official Video),"1,450,005","94,228","1,067",Music,2021
37,38,Mulatto - No Hook (Official Video),"2,138,136","123,687","1,793",Music,2020
39,40,Aitch - Safe To Say,"1,330,363","84,759","1,749",Music,2020
41,42,Cat mom hugs baby kitten,"59,857,489","347,772","8,212",Pets & Animals,2011
48,49,Morray - Trenches (Official Music Video),"1,352,140","58,129","1,051",Music,2021
49,50,Luke Hemmings - Starting Line (Official Video),"635,002","129,469",179,Music,2021
55,56,"Camilo, Pedro Cap√≥ - Tutu (Official Video)","1,520,641","319,573","2,361",Music,2019
58,59,Dani Ribba - Solo Una Vez (Official Video),"473,979","107,663",263,Music,2021
59,60,Roger Federer / Bill Gates vs John Isner / Mike McCready - Match for Africa 4 Highlights,"514,694","2,742",69,Sports,2017
62,63,SuperM - With You,"730,744","215,534",379,Music,2020
66,67,Brock Lesnar serves breakfast in ESPN cafeteria prank | ESPN Archives,"2,472,045","28,842","1,204",Sports,2017
67,68,Totti with a funny penalty,"8,353,318","5,613","1,082",Sports,2007
78,79,"ILLENIUM, Jon Bellion - Good Things Fall Apart (Lyric Video)","3,474,334","108,128","1,292",Music,2019
86,87,Chl√∂e - Have Mercy (Official Video),"1,329,956","192,472","2,173",Music,2021
89,90,Lil Loaded ft. YG - ‚ÄúGang Unit Remix‚Äù (Official Video),"1,736,200","127,492","1,363",Music,2020
92,93,MAX - Blueberry Eyes (feat. SUGA of BTS) [Official Music Video],"3,266,571","920,096","5,819",Music,2020
94,95,Fedez - Prima di ogni cosa (Official Video),"4,833,788","202,477","7,131",Music,2018
97,98,AIELLO - ORA (Official Video - Sanremo 2021),"1,132,390","23,083",887,Music,2021
100,101,Static & Ben El - Bella,"3,305,681","10,461",626,Music,2021
108,109,"Fasma, GG - Parlami (Official Video - Sanremo 2021)","757,718","25,704",243,Music,2021
109,110,"ILLENIUM, Jon Bellion - Good Things Fall Apart","10,358,663","169,009","3,138",,2019
112,113,Dennis Lloyd - Never Go Back (Official Video),"720,437","26,772",274,Music,2019
114,115,"Sir Nicholas Winton - BBC Programme ""That's Life"" aired in 1988","39,407,674","97,009",747,Education,2009
115,116,Bird learns how life works,"4,916,042","74,420",703,Gaming,2015
116,117,Kid at Minecon 2016 asks what we all wish we could answer,"1,669,272","23,510",502,People & Blogs,2016
117,118,Cazzu - Miedo,"2,761,300","289,010","7,719",Music,2020
121,122,Jim Carrey THE FUNNIEST video,"8,322,488","6,216","11,521",Comedy,2007
122,123,Fedez - PRIMA DI OGNI COSA (Teaser),"885,149","29,689","2,992",Music,2018
123,124,"Lil Nas X, Cardi B - Rodeo (Official Audio)","1,783,881","254,185","8,177",Music,2019
124,125,Conan Gray - The Story,"252,272","72,135",195,Music,2020
125,126,Doug Fernandez gives up,"2,002,491","19,461",185,People & Blogs,2017
128,129,Traditional Malaysian blowpipe maker shows how he takes down his prey in the wild,"3,510,345","32,449",248,Film & Animation,2017
130,131,We asked you... What do you Chooze ?,"1,018,713","2,413",12,Autos & Vehicles,2017
135,136,Tenacious D - Explosivo,"2,754,518","10,186",204,Entertainment,2006
138,139,Tyla Yaweh - I Think I Luv Her (Lyric Video) ft. YG,"2,124,429","19,110","1,256",Music,2019
140,141,Old man is having fun under metallica,"2,566,313","25,274",399,Entertainment,2017
151,152,DAY - Na Sua M√£o,"311,930","35,208",325,Music,2019
154,155,Grandma Dottie's Prom Dress Surprise,"8,414,676","2,442",103,People & Blogs,2012
156,157,Not a mechanical baby,"14,612,153","3,339",156,Entertainment,2011
168,169,Im sorry?,"3,670,491","30,180",171,People & Blogs,2017
169,170,44 Magnum Las Vegas,"2,345,415","7,883",259,People & Blogs,2010
170,171,Parks and Rec Come back joke,"2,482,309","20,964",224,Comedy,2012
171,172,ECKO - ICE (Official Video),"2,229,501","149,653","10,701",Music,2018
172,173,Marshmello x Jonas Brothers - Leave Before You Love Me (Official Music Video),"344,124","62,256",559,Music,2021
173,174,David Beckham crazy pass (cross),"17,275,250","32,362",752,Sports,2008
176,177,"Silverado 500,000 mile celebration","836,184","11,538",283,People & Blogs,2017
177,178,Morray - Can‚Äôt Use Me (Official Music Video),"345,086","26,022",289,Music,2021
178,179,FMK - Parte de Mi (Official Video) ft. Lit Killah,"303,497","71,457",517,Music,2019
180,181,"Begun, the Duck War has","3,586,169","51,443",300,Entertainment,2017
181,182,Meet Will,"3,121,597","40,432",313,Comedy,2018
182,183,–†–æ–º–∞–Ω –ö—É—Ä—Ü—ã–Ω —Ä–∞—Å—Å–∫–∞–∑—ã–≤–∞—é—Ç –≤—Å—é –ø—Ä–∞–≤–¥—É –æ —Ñ–∏–ª—å–º–µ ¬´–ö—Ä—ã–º¬ª,"836,941","23,924","23,364",People & Blogs,2017
184,185,Maximus by Kerbedanz - the biggest known tourbillon for wristwatch,"1,263,651","10,376",126,People & Blogs,2017
186,187,Artifact new game announcement from Valve crowd reaction,"1,301,165","17,084","1,900",Music,2017
187,188,Rels B - ORGULLO (Videoclip Oficial),"340,606","72,349",815,Music,2019
191,192,Clumsy Dog,"3,432,791","24,140",254,Gaming,2017
193,194,tommy wiseau can't understand millennials,"3,320,857","28,326",198,Comedy,2017
194,195,"Tainy, J Balvin - Agua (Music From ""Sponge On The Run"" Movie/Official Lyrics)","1,936,929","186,235","6,564",Music,2020
197,198,El Connecto,"3,583,270","41,735",485,People & Blogs,2018
199,200,Fo fo fo fo fristajlo!,"2,894,700","6,108",152,Comedy,2007
200,201,"""Drake"" on the Tube...","2,683,856","7,414",457,Comedy,2012
202,203,Flying nut high five,"7,852,043","62,744",748,People & Blogs,2014
203,204,Tems - Crazy Tings (Official Video),"2,496,817","91,980",979,Music,2021
208,209,My dad flew into town to surprise his parents.,"888,893","8,190",113,People & Blogs,2016
209,210,DaBaby - ROCKSTAR (Live From The BET Awards/2020) ft. Roddy Ricch,"1,937,851","212,963","3,907",Music,2020
210,211,Best Heavyweight Knockouts of All Time,"5,250,458","5,891",509,Sports,2007
212,213,Roblox Hack (NEW) - How to Get Free Robux - Robux Glitch (Get Free Items),"546,583","14,662",454,Gaming,2017
216,217,My Diablo 3 Inferno Tactic,"2,362,860","22,368",787,Gaming,2012
217,218,Wedding first dance w/ surprise Jack Johnson Michael Jackson,"16,485,606","15,813","1,360",Comedy,2007
219,220,Starcraft 2 Gameplay footage and unit preview,"7,529,927","6,075",772,Entertainment,2007
224,225,Dog reacts to return of Nathan after two year Mormon mission,"6,040,429","5,972",194,Pets & Animals,2015
229,230,Panchlait - Teaser 2 | Prem Modi | Funtime Entertainment,"885,706","5,835",217,Film & Animation,2017
230,231,Mila Kunis Tells Off A Reporter In Fluent Russian,"3,324,459","23,701",834,Entertainment,2012
231,232,When You play dodgeball with a Softball player. licensing@rumble.com,"2,134,991","12,128",299,Comedy,2017
232,233,Super platano brothers,"1,595,388","14,720",344,Comedy,2017
235,236,Brother just sent me this,"622,782","8,883",348,Entertainment,2017
237,238,WII,"1,634,684","8,333",338,Entertainment,2006
240,241,two fake umps.MOV,"1,338,441","3,712",135,Sports,2010
241,242,Roblox Hack - Robux Hacks - Roblox Secret Exploit (Android/without jailbreak),"414,973","29,256",341,Gaming,2017
245,246,Suzuki Hayabusa with Turbo Vmax 390kmh,"20,146,924","11,010","1,095",Autos & Vehicles,2006
246,247,pevecov popek poje na sexy back,"37,460,296","4,533","10,949",Comedy,2007
247,248,You can't even text and walk,"1,154,376","10,616",496,People & Blogs,2017
249,250,Lil Tjay - Hold On (Official Audio),"316,785","42,854",211,Music,2019
250,251,How to surprise a horse,"1,625,194","7,357",352,Comedy,2016
251,252,Superman Disguise,"1,388,327","6,100",97,People & Blogs,2010
253,254,J.I. - Everything [Official Music Video],"389,208","33,622",219,Music,2021
254,255,burp helium (so funny),"12,552,948","81,470","2,073",People & Blogs,2014
255,256,McDonald's drive thru,"726,293","9,536",207,People & Blogs,2016
256,257,Mulatto - Muwop (Official Video) ft. Gucci Mane,"1,048,126","64,451","2,519",Music,2020
257,258,Bryan Behr - De Todos Os Amores,"684,366","12,586",35,,2020
260,261,camera shutter speed matches helicopter`s rotor,"3,682,223","53,493",581,People & Blogs,2017
261,262,Gavin Magnus - Hearts on a Pendant (Official Video),"1,170,069","80,768","2,719",Music,2020
263,264,Headie One - Princess Cuts (Official Video) ft. Young T & Bugsey,"429,900","29,311",225,Music,2020
264,265,‰∏â‰ª£ÁõÆ J SOUL BROTHERS from EXILE TRIBE / Rat-tat-tat (Music Video),"1,538,191","57,477","1,246",People & Blogs,2020
265,266,Í≥†Îûò Dive Into You,"852,020","143,052",276,Music,2021
266,267,"Andy Rivera, Totoy El Frio - No Es la Misma (Video Oficial)","298,089","24,333",277,Music,2021
270,271,Silent Monks Singing Halleluia,"21,061,223","50,817","1,336",Comedy,2008
274,275,Maradonna Gods Hand,"3,777,997","2,300",854,Sports,2007
280,281,–ï—Å–ª–∏ –º–µ–Ω—Ç....,"10,748,286","7,504","4,116",Music,2010
281,282,Guy orders bong. Package arrives and its an Xbox remote.,"1,486,888","20,547",933,People & Blogs,2018
283,284,Naruto german opening,"2,082,329","27,628","1,967",Entertainment,2007
285,286,Alkpote - Patek (Clip officiel) ft. Kalash Criminel,"271,206","16,776",322,Music,2019
286,287,The Big Fat Quiz Of The 90s   Mr Blobby,"951,835","7,347",121,People & Blogs,2014
287,288,–•–æ–∫–∫–µ–π –≤ —Ñ—É—Ä–µ - –≤—ã–∑–æ–≤ –ø—Ä–∏–Ω—è—Ç!,"1,556,347","2,726","1,433",Sports,2017
288,289,Ready? Ready.,"1,486,824","4,805",143,People & Blogs,2016
289,290,Dog meets baby kitten,"5,856,946","2,705",83,People & Blogs,2014
290,291,Party Boy Corey Worthington and his Famous Sunglasses,"896,419","7,060",152,News & Politics,2008
291,292,Lil Nas X - Panini (Official Audio),"699,364","162,807","4,419",Music,2019
300,301,c`e solo l inter... a farci ridere,"2,136,208","3,379","1,966",Sports,2007
301,302,"Jeopardy ""Who Is The Spiciest Memelord"" ORIGINAL","1,434,589","25,484",432,People & Blogs,2017
302,303,–¢–∞–Ω–∫ –ê—Ä–º–∞—Ç–∞,"3,954,302","4,636","1,033",,2015
303,304,"Pop Smoke - For The Night (Audio) ft. Lil Baby, DaBaby","2,031,584","129,397","1,329",Music,2020
304,305,"42 Dugg, Roddy Ricch - 4 Da Gang (Official Music Video)","466,902","31,895",658,Music,2021
305,306,Zooming in the 90s fixed,"3,490,548","59,814",296,People & Blogs,2018
306,307,German Shepherd scared of Stuffed Toy Tiger. Very Funny! (ORIGINAL VIDEO & VERSION)),"5,352,751","6,997",171,People & Blogs,2015
307,308,"This is a dollar, not a card","1,144,211","6,389",132,People & Blogs,2017
310,311,Tyla Yaweh - Stuntin' On You (Official Music Video) ft. DaBaby,"2,284,537","86,991","1,164",Music,2020
312,313,SHARK ATTACK - Don't touch the glass !!,"2,058,082","7,435","1,067",People & Blogs,2014
313,314,Orangutan loves baby bump,"5,989,058","4,282",282,Music,2016
314,315,Happy Birthday Cody,"734,558","7,194",191,Entertainment,2011
316,317,Struggling with a new Phone,"1,451,235","16,223",634,Entertainment,2017
318,319,A Needed Response,"11,622,727","39,804","1,872",,2013
319,320,Police take advantage of a Drunk Girl,"36,311,875","24,016","4,340",News & Politics,2008
322,323,perfekte welle,"2,337,888","4,430",174,,2005
324,325,Geraldine Loves Star Wars,"4,291,444","86,656",984,Entertainment,2016
325,326,2017 04 12 Przejscie,"1,098,005","7,520",422,People & Blogs,2017
329,330,Maddie Waiting for the Beat to Drop,"9,868,674","68,446","2,692",People & Blogs,2017
330,331,Rels B - SI NO TE VEO (Audio),"398,259","46,530",291,Music,2019
331,332,Bl√ºmchen (Blossom) - Herz an Herz,"2,257,460","3,800",199,Music,2006
337,338,"Dani Ribba, Tiago PZK - Cuando Me Ves (Official Video)","996,589","171,095",773,Music,2021
338,339,Girl In Car Flashes Her Bra & Then Crashes Into A Truck!,"9,884,005","7,891","2,334",People & Blogs,2009
340,341,WTC in a perfect world,"3,476,635","5,982","2,129",Film & Animation,2007
341,342,–ü—Ç–∏—Ü –∑–∞—Å–∞—Å—ã–≤–∞–µ—Ç –≤–º–µ—Å—Ç–µ —Å –∑–µ—Ä–Ω–æ–º –Ω–∞ —Ö–ª–µ–±–æ–∑–∞–≤–æ–¥–µ,"3,120,409","21,206","2,663",People & Blogs,2016
342,343,westerland,"5,289,591","8,542",269,,2006
343,344,Funny Foul Shot Blooper,"2,540,079","3,507",93,Sports,2011
345,346,Nuovaluce Beauty Acne Device Kickstarter Video FDA Cleared www.nuovalucebeauty.com,"498,941","4,783",182,People & Blogs,2017
346,347,"Darell - ""Caliente"" Live Performance | Vevo","240,125","15,630",143,Music,2019
347,348,Apple Engineer Talks About New 2016 Macbook Pro,"2,501,055","36,876",729,Science & Technology,2016
348,349,When your Amish town is frozen,"512,991","4,645",135,People & Blogs,2018
349,350,Phoenix - Lisztomania - Boston University Brat Pack Mashup,"3,824,693","15,236",858,,2010
350,351,Parks and Recreation called it back in 2015. Cubs World Series 2016!,"205,257","1,557",113,Travel & Events,2016
351,352,Dog scared by fart,"5,938,416","3,883",129,Comedy,2015
353,354,#Despacito with snoring - Despacito con ronquidos,"2,812,994","18,051",762,People & Blogs,2017
362,363,Lee Sin's great escape [Fixed!],"1,610,253","9,278",152,Gaming,2012
364,365,"Rels B, Morad - NO TE IMAGINAS","2,930,422","124,350","2,668",,2020
366,367,iDubbbzTV Ganks His Streamer Girlfriend,"2,640,646","44,917","1,219",People & Blogs,2017
368,369,Sarunas Jasikevicius talks about kids,"1,935,028","19,991",266,Sports,2017
373,374,–ö–æ–≥–¥–∞ —Ç–≤–æ–π —Ö—É–¥—à–∏–π –≤—Ä–∞–≥ - —ç—Ç–æ –∫–æ–≤–µ—Ä,"2,051,016","18,663","1,807",People & Blogs,2017
374,375,"Darell, Brytiago - Velitas (Official Video)","283,361","50,452",371,Music,2019
377,378,Don't put accelerants on bonfires,"831,666","8,625",449,People & Blogs,2017
378,379,Of Monsters And Men - Love Love Love,"3,474,904","16,311",170,Music,2010
382,383,HOW TO GET IT - HYPNOTIQ FT. LIL WAYNE (PRODUCED BY SOUNDMASTER T),"3,040,398","8,936",17,Music,2016
383,384,Tom Cruise Scientology Video - ( Original UNCUT ),"14,240,339","91,156","18,041",Entertainment,2008
384,385,RickRoll'D,"78,178,105","318,037","44,953",Music,2007
385,386,Did TRUMP quote Bane from Batman?,"1,515,396","23,125","2,080",Sports,2017
386,387,"Gerald Daugherty Campaign: ""Please Re-Elect Gerald...Please!""","3,923,892","6,783",103,People & Blogs,2016
388,389,SuperM - One (Monster & Infinity) (Live From The Ellen DeGeneres Show / 2020),"515,423","138,534",459,Music,2020
389,390,Rally driver's killer reflexes,"7,261,710","15,509",685,Sports,2011
390,391,"Spinal Tap - ""These go to eleven....""","1,880,022","10,651",160,Comedy,2011
391,392,If you watch this 100 times you'll still laugh !,"45,597,951","97,649","27,835",Comedy,2008
392,393,Nice Fight - Cops vs Drug Dealer,"17,166,129","12,980","3,713",Entertainment,2008
394,395,How to Survive Hurricane Irma,"1,463,561","42,458",240,Pets & Animals,2017
397,398,Buffet,"2,751,775","5,401",342,Comedy,2016
398,399,Fresh Prince - If we so rich....,"3,974,115","67,527",617,Comedy,2010
399,400,–ö–ò–ï–í–°–¢–û–£–ù–ï–† –° –î–ï–í–û–ß–ö–ê–ú–ò –ù–ê –û–°–¢–†–û–í–ï!!!,"1,071,363","10,487","1,446",People & Blogs,2018
400,401,Top 20. Soundtracks Of All Times!,"3,590,248","2,836","2,542",Music,2007
402,403,Tom Holland performs Rihanna's Umbrella,"387,821","6,496",100,Comedy,2017
404,405,–í—Ä–∞—Ç–∞—Ä—å ¬´–¢—Ä–∞–∫—Ç–æ—Ä–∞¬ª —Å—Ç–∞–Ω—Ü–µ–≤–∞–ª –Ω–∞ –º–∞—Ç—á–µ –≤ –ø–æ–¥–¥–µ—Ä–∂–∫—É –ß–µ–º–ø–∏–æ–Ω–∞—Ç–∞ –†–æ—Å—Å–∏–∏ –ø–æ –§–∏–≥—É—Ä–Ω–æ–º—É –ö–∞—Ç–∞–Ω–∏—é,"1,071,135","19,613",634,People & Blogs,2016
405,406,ARTH 2 Theatrical Trailer | Arth The Destination Official Trailer 2017,"1,342,169","8,347",14,Entertainment,2017
406,407,Fox News idiocy.,"1,227,176","5,383",457,News & Politics,2017
407,408,Customer Fail!,"4,525,935","8,052","2,288",People & Blogs,2016
409,410,Ministry of Silly Walks,"9,558,072","39,783","1,251",Comedy,2006
410,411,Girl blown by a plane,"12,255,456","7,725",745,Travel & Events,2012
411,412,Man kicks dog see how karma takes over,"1,352,770","19,291","2,041",Pets & Animals,2017
412,413,"Pop Smoke - The Woo (Audio) ft. 50 Cent, Roddy Ricch","1,614,596","107,447",878,Music,2020
415,416,porch hands,"788,325","1,899",82,Film & Animation,2016
416,417,Polar bear petting dog,"8,058,364","24,707","1,821",Entertainment,2016
417,418,Cats Welcoming Home Soldiers (parody video),"2,126,930","1,984",259,Comedy,2014
418,419,Headie One - Parlez-Vous Anglais (Official Video) ft. Aitch,"321,442","22,017",287,Music,2020
419,420,I was in a wedding and smashed my face,"1,596,447","6,001",176,People & Blogs,2017
421,422,UFO-Doctor Doctor,"1,142,679","4,305",55,Music,2008
423,424,Dave Chappelle on Martin Lawrence and Hollywood Culture,"1,135,513","6,993",85,People & Blogs,2014
424,425,How to escape the cops,"2,758,615","41,548",420,Autos & Vehicles,2017
425,426,Ovechkin fight vs Columbus,"908,626","4,112",376,Entertainment,2017
428,429,Fat Bike caught on an Electric Fence!,"3,580,228","13,803",406,People & Blogs,2017
429,430,ProtoType gameplay,"3,128,367","4,724",605,Entertainment,2008
431,432,George Michael's Unfailing Internal Clock,"2,171,746","46,483","1,237",Entertainment,2013
432,433,"Familiada - Imiƒô mƒôskie na literƒô O. (Oliwier, Oliwia)","969,271","4,668",204,People & Blogs,2017
433,434,–≤–Ω–µ–∑–∞–ø–Ω–æ,"962,437","2,280",257,People & Blogs,2017
437,438,Good old days,"1,249,801","10,317",145,Gaming,2016
438,439,"Isabela Merced, Danna Paola - Don't Go (Official Music Video)","646,472","73,160","1,189",Music,2020
439,440,Chroma Key test,"7,527,125","41,698","1,547",Entertainment,2010
440,441,–ö–†–´–ú (–¢—Ä–µ–π–ª–µ—Ä –¥–ª—è –£–∫—Ä–∞–∏–Ω—ã),"698,153","10,504","13,998",People & Blogs,2017
441,442,Real Gunfighter Lance Thomas on Justic Files,"1,063,456","6,840",0,News & Politics,2009
443,444,Rainbow Ï±ÖÍ∞àÌîº,"653,111","99,003",174,Music,2021
445,446,Out of Context Joffrey Baratheon,"950,307","24,429",358,Gaming,2015
446,447,I can feel it down in my plums....,"1,576,942","4,498",153,Comedy,2009
447,448,Big Fish - trailer,"2,126,010","3,046",119,Entertainment,2006
448,449,–º–µ—Ç–µ–æ—Ä–∏—Ç –•–∞–∫–∞—Å–∏—è 06 12 2016,"1,344,770","8,338",351,Autos & Vehicles,2016
451,452,Music Marketing & Promotion. Dominate Digital Mediums  [LaxPromotion.com],"139,374","8,370",16,Film & Animation,2016
452,453,Hard For Me,"409,483","10,531",82,Music,2020
454,455,–ì–∏–º–Ω –£–∫—Ä–∞–∏–Ω—ã –ö—Ä—ã–º –Ø–ª—Ç–∞ 2K17,"168,698","1,963",240,Nonprofits & Activism,2017
455,456,Best pirate I've ever seen,"3,531,465","52,196",407,Gaming,2018
456,457,Dog loves ticklish fringe,"943,385","8,064",248,People & Blogs,2016
457,458,"Tommy Wiseau in The Room vs. James Franco in The Disaster Artist (""I did not hit her "" scene)","835,947","7,495",232,Film & Animation,2017
458,459,Oƒüuzhan Uƒüur Sunucunun Tezini √á√ºr√ºt√ºyor,"1,176,753","16,561",608,People & Blogs,2018
459,460,CNN (CLINTON NEWS NETWORK) TELLS VOTERS WHAT TO SAY,"1,179,095","10,499",575,People & Blogs,2016
460,461,buziak od pierwszego zatrzymania ;),"1,206,080","11,844",373,Sports,2018
462,463,√Ñlg i vak,"2,104,408","8,941",147,Pets & Animals,2017
463,464,Kingdom Hearts: Birth By Sleep (PSP) trailer [High Quality],"4,245,757","14,725",346,Entertainment,2007
465,466,Blind Guardian - The Bard's Song,"4,160,648","28,826",257,Music,2006
466,467,–û—Ö–æ—Ç–Ω–∏—á–∏–π –∫–æ—Ç,"670,799","5,378","3,901",People & Blogs,2016
468,469,FINNEAS - Love is Pain (Official Music Video),"291,407","30,204",106,Music,2021
469,470,–ú—ã –µ–¥–µ–º –≤ –∞–¥—É,"942,738","14,706","1,799",People & Blogs,2017
470,471,EPIC Drum Solo FAIL!,"3,865,978","22,231",900,Comedy,2011
471,472,42 Dugg - Maybach feat. Future (Official Music Video),"1,471,860","64,274","1,040",Music,2021
473,474,Dad faces some demons,"1,392,971","12,985",523,People & Blogs,2017
474,475,Kid singing Britney Spears scared to death by his mom,"11,940,134","39,480","2,324",Comedy,2007
475,476,–ë—Ä—è–Ω—Å–∫ –ì–ò–ë–î–î VS –ê–¥–º–∏–Ω–∏—Å—Ç—Ä–∞—Ü–∏—è,"1,098,298","15,008",251,Nonprofits & Activism,2012
479,480,BBC Weatherman Caught Giving Middle Finger on Stage,"510,985","3,000",156,News & Politics,2010
485,486,–§–æ–∫—É—Å—ã –≤ –∞—Ä–º–∏–∏ (—Å –ø—é—Ä–µ—à–∫–æ–π) / Magic in Russian Army,"1,153,666","22,703",864,People & Blogs,2016
486,487,"‚òÉ Kid get's smacked by city plow driver ‚ùÑÔ∏è Belleville, Ontario","1,257,621","6,113","2,075",Nonprofits & Activism,2016
491,492,[HQ AUDIO]Foo Fighters & Rick Astley - Never gonna give you up - Summer Sonic Tokyo 20th August 2017,"1,031,393","12,930",294,Music,2017
492,493,Don't bring a snowball to a water fight - Original Audio,"2,710,968","25,296",736,Comedy,2013
494,495,"Pop Smoke - The Woo ft. 50 Cent, Roddy Ricch","2,498,904","210,392","2,664",Music,2020
496,497,Rocky Balmoto,"2,218,572","10,869","1,626",People & Blogs,2016
497,498,Girl stuck in the freezer,"1,313,291","8,876",916,People & Blogs,2016
501,502,Lil Tjay - Hold On (Official Video),"511,397","51,354",306,Music,2019
505,506,–ë–æ–≥–∞—Ç–µ–∏ –Ω–∞ –ü–æ—Ä—à–µ –Ω–∞ –º–∏—Ç–∏–Ω–≥–µ –≤–∫–ª–∞–¥—á–∏–∫–æ–≤ –¢–§–ë,"319,543","5,553","4,557",News & Politics,2017
506,507,Vor dem Spiel Arminia vs Eintracht,"604,182","14,665","1,270",Sports,2017
507,508,Horse attacks alligator! Payne's prairie 4/12/17,"2,173,396","2,235",200,People & Blogs,2017
510,511,High School Musical 3 - Can I Have This Dance *OFFICIAL MUSIC VIDEO w/lyrics (HQ),"25,576,382","23,880","1,691",Music,2008
511,512,LOTR cast make fun of Orlando Bloom,"2,756,627","12,934",195,Film & Animation,2011
513,514,"–õ–∏–¥–µ—Ä –≤–µ–∂–ª–∏–≤—ã—Ö —Ñ–µ—Ä–º–µ—Ä–æ–≤ –æ –∫–æ–Ω—Ü–µ—Ä–Ω–µ ""–ü–æ–∫—Ä–æ–≤—Å–∫–∏–π""","815,205","5,214","1,997",People & Blogs,2017
514,515,Girl honks at ship,"12,100,810","69,506","3,924",Autos & Vehicles,2012
516,517,Bobby,"10,522,368","95,471","1,021",Film & Animation,2014
517,518,"Korea, the best dancer ever!!!","24,082,631","36,946","13,769",Entertainment,2007
520,521,ABBA Dancing Queen 1976,"20,688,870","22,826",851,Music,2006
521,522,Jack Douglass' Acceptance Speech for Youtuber of the Year,"1,259,028","58,691",504,Gaming,2018
522,523,Sakeru Gum series „Åï„Åë„Çã„Ç∞„Éü #1-11 complete (Eng SUB),"1,698,544","32,679",265,People & Blogs,2018
523,524,basic instinct,"6,484,622","1,102",271,Entertainment,2006
524,525,Lil Nas X - Panini (Official Video),"954,626","270,300","3,971",Music,2019
525,526,The moment an old lady questions her own sanity,"16,672,541","152,493","2,482",People & Blogs,2014
529,530,Rels B - BALADITA 2000‚Äôs (SIN MIRAR LAS SE√ëALES),"518,464","83,260",400,Music,2019
530,531,Blue Angels Fly By,"7,980,199","11,170",417,Comedy,2015
531,532,—ç–∫—Å—Ç—Ä–µ–º–∞–ª—å–Ω—ã–π –≤–∑–ª–µ—Ç –≤ –ë–æ–¥–∞–π–±–æ.mp4,"1,891,710","3,389",109,Autos & Vehicles,2012
532,533,Blinker fluid prank,"3,472,449","25,739","1,535",People & Blogs,2017
536,537,"Coldplay covers Linkin Park's ""Crawling""","1,034,276","5,518",468,Music,2017
537,538,Jim Carey - How Wealthy People Laugh,"23,125,014","182,299","4,886",Film & Animation,2011
539,540,turtle sneeze!,"750,279","11,181",98,Pets & Animals,2013
540,541,Weakest Link (US) - Anne Robinson meets her match,"2,482,872","18,485",310,Entertainment,2008
541,542,Joffrey was right,"1,990,733","22,778",622,People & Blogs,2016
542,543,Anas - Dans mon monde (Clip officiel),"434,175","11,063",125,Music,2018
546,547,Philippe Poutou - On n'est pas touch√© (clip officiel de campagne √† la pr√©sidentielle 2017),"502,245","3,060",950,Pets & Animals,2017
550,551,University of Arizona v.s. UCLA Streaker Dressed as Referee 2011 ENTIRE VIDEO (ORIGINAL),"2,601,392","3,467",580,Entertainment,2011
551,552,Girl falls off stage while getting proposed to at dallas music festival ORIGINAL (part 1),"322,489",887,239,People & Blogs,2017
552,553,Streamer is virtually violated by a weird guy and his goon.,"1,420,634","20,629",453,People & Blogs,2016
553,554,Cute Golden retriever rescuing her teddy bear,"2,789,609","12,852",427,People & Blogs,2013
554,555,Time of my life - Trump ft. Clinton (Original),"973,508","9,974",182,People & Blogs,2016
556,557,Ryan Gosling - Epic Old Dancing Videos 1992,"1,694,235","6,734",210,People & Blogs,2015
557,558,Cat doesn't like Trump,"1,200,385","4,548",198,People & Blogs,2016
562,563,White Bear Mitsubishi - Gopher Hockey Outtakes - White Bear On Ice,"2,998,663","27,492",262,Autos & Vehicles,2016
563,564,Jedna fotografija dnevno u najgoroj godini ≈æivota / One photo a day in the worst year of my life,"61,892,792","32,649","4,045",People & Blogs,2013
566,567,My dog and his extremely sour warhead.,"3,258,081","37,324","2,328",People & Blogs,2016
570,571,"–ë–∞–ª–∞–∫–ª–µ—è, –•–∞—Ä—å–∫–æ–≤, –º–æ–º–µ–Ω—Ç –¥–µ—Ç–æ–Ω–∞—Ü–∏–∏","1,941,205","4,907",197,People & Blogs,2017
571,572,The Usual Suspects Lineup HQ WS,"2,305,124","13,521",142,Entertainment,2009
572,573,Dashcam BMW crash,"5,666,551","14,735","1,208",People & Blogs,2016
573,574,love nwantiti (feat. Dj Yo! & AX'EL) (Remix),"1,130,967","44,988",428,Music,2021
574,575,David Hasselhoff - Hooked on a Feeling,"13,848,813","42,810","4,411",Music,2006
575,576,It Got Grandma!: Chimp at Zoo Throws Poo in Grandma's Face!,"3,975,037","24,800","1,387",Pets & Animals,2017
576,577,American Terrorist Christopher Cantwell balls his eyes out,"1,283,550","1,966","5,740",People & Blogs,2017
578,579,Stephen Colbert 2011 Commencement Speech at Northwestern University,"1,142,028","7,520",105,Comedy,2011
579,580,"Jawsh 685, Jason Derulo, BTS - Savage Love (Laxed - Siren Beat) (BTS Remix - Visualizer)","709,660","87,291",785,Music,2020
582,583,25 —è–Ω–≤–∞—Ä—è 2017 –≥.,"558,189","6,115",911,People & Blogs,2017
586,587,–î–ï–í–û–ß–ö–ò –°–†–£–ë–ò–õ–ò –ö–£–ß–£ –ë–ê–ë–õ–ê,"351,093","10,976","16,261",People & Blogs,2017
587,588,Derrick Barry (Britney Spears) - America's Got Talent,"5,370,442","12,906",757,Entertainment,2008
590,591,Michele Morrone - Hard For Me (Official Music Video),"968,142","163,555",681,Music,2020
591,592,Lighter (feat. KSI),"208,305","15,523",287,Music,2020
592,593,Weather boi,"2,224,078","40,635",799,People & Blogs,2017
594,595,The Loud Machine,"631,383","7,644",119,Comedy,2006
596,597,–ú–∏—Ç–∏–Ω–≥. –í–ª–∞–¥–∏–≤–æ—Å—Ç–æ–∫. –î–∏–º–æ–Ω. 26.03.2017,"321,696","5,390",678,Gaming,2017
597,598,Carlsberg stunts with bikers in cinema,"22,426,928","50,810",806,Entertainment,2011
598,599,True Life: Saddest Moments from Suicide to Self Mutilation | MTV,"735,724","7,205",519,Entertainment,2017
599,600,J.I. - Used To [Official Music Video],"200,427","22,875",129,Music,2021
601,602,Skyrim SE - Do not be afraid,"428,627","8,286",41,Gaming,2016
602,603,Andy Serkis as Gollum or Sm√©agol reading Trumps tweet's,"618,195","9,948",607,News & Politics,2017
603,604,"morodo, la yerba del rey","5,337,381","5,237",263,News & Politics,2007
608,609,Gruzi - Don't let me down,"1,089,084","4,492",91,Music,2017
609,610,Touch at Your Own Risk,"2,637,024","3,931",222,People & Blogs,2017
610,611,"Hippo Charge on Chobe River Jan2015, recorded with iPhone 6; Botswana, Awesome but crazy dangerous.","9,735,098","14,563",773,People & Blogs,2015
612,613,Sister Act 2 - Oh Happy Day,"37,730,464","87,538","1,589",Music,2006
613,614,Bucket Bear better quality,"4,399,693","2,977",117,Pets & Animals,2014
614,615,Finch Frozen to Fence Rescue,"3,702,696","25,741",152,People & Blogs,2017
615,616,no one hates tom holland more than anthony mackie,"3,158,893","58,614","1,222",People & Blogs,2018
618,619,SDCC 2018 D23EXPO LEAK AVENGERS 4 TEASER TRAILER GUARDIANS AND THOR,"902,113","5,250","16,759",People & Blogs,2017
619,620,Wait for it...,"1,924,931","26,500","3,728",People & Blogs,2016
621,622,Ìá¥ÏÇ¨Ìï† Îïå Îã®ÌÜ°Î∞©Ïóê Ïò¨Î¶¨Îäî ÏòÅÏÉÅ,"2,972,255","47,671",494,People & Blogs,2017
625,626,Seleccion Argentina 2010 Waving Flag,"1,190,356","2,026",65,Sports,2009
627,628,1 Second of every  'It's Always Sunny In  Philadelphia' episode,"1,419,216","47,756",318,People & Blogs,2017
628,629,Evie's first sip of Coke,"2,098,844","9,508","1,647",People & Blogs,2017
631,632,"Pop Smoke - Snitching (Audio) ft. Quavo, Future","3,610,348","109,734","1,470",,2020
632,633,Ottawa cyclist struck by car!,"1,379,955","5,540",262,People & Blogs,2017
633,634,Cat and Dog (a love story),"2,194,640","1,626",276,Pets & Animals,2007
635,636,Kevin Hart and Dwayne Johnson weigh in on Colin Kaepernick's situation | The Undefeated Roundtable,"398,805","4,592",626,Sports,2019
636,637,Gardening Skills,"568,023","9,612",368,Comedy,2017
637,638,–ü—Ä–æ–Ω—å–∫–æ. –≠–∫–æ–Ω–æ–º–∏–∫–∞: –ù–∞–±–∏—É–ª–ª–∏–Ω–∞ –æ—Ç–≤–µ—Ç–∏–ª–∞ –Ω–∞ –≤–æ–ø—Ä–æ—Å—ã ¬´–¶–∞—Ä—å–≥—Ä–∞–¥–∞¬ª,"1,987,411","10,901",243,News & Politics,2017
640,641,Releasing a stranded octopus and it thanked me,"12,029,468","112,065","3,130",Pets & Animals,2013
641,642,Patrick Wasserziehr l√§sst seinen Kaffee umr√ºhren,"1,265,446","9,952","7,681",People & Blogs,2017
642,643,Zapowied≈∫ pociƒÖgu,"643,936","7,279",384,People & Blogs,2018
645,646,counting to Jay-Z and back,"544,904","6,743",281,Music,2017
646,647,BACILOS LA CARA DE LA LUNA,"2,142,731","2,971",89,Music,2008
649,650,Bird karma,"1,324,926","24,519",843,People & Blogs,2017
650,651,In Flames - Trigger,"8,393,871","30,145",709,Music,2006
651,652,"The Room - 'I Did Not Hit Her!' - 'Oh, Hi Mark!' - üçÜ See Film üëëTHE DIANA CLONE üåπon Amazon üë∏","2,571,193","20,280",636,Comedy,2016
653,654,"Bankroll Freddie, Megan Thee Stallion - Pop It (Official Video)","302,530","18,996",236,Music,2021
659,660,Young Tmo x Mad Jim x Lil Bobey - The Race Freestyle,"530,196","6,946",10,Entertainment,2017
660,661,Œ§Œø œÄŒøŒπŒø Œ±œÄŒØœÉœÑŒµœÖœÑŒø Œ≤ŒØŒΩœÑŒµŒø œÄŒøœÖ Œ≠œáŒµœÑŒµ Œ¥ŒµŒπ œÄŒøœÑŒ≠!!! The most INCREDIBLE VIDEO EVER !!! WWW.BYTHEWAY.GR,"3,360,262","2,084","3,489",Sports,2008
663,664,Drake's Security Oversteps Their Boundary,"1,294,954","7,216",913,Autos & Vehicles,2017
664,665,Mr Fish Finger With 309 Votes,"417,269","7,019",129,People & Blogs,2017
665,666,Creative Labs Keyboard Drum Demonstration. The best keyboard drummer ever! Maybe best drummer ever!,"717,041","9,017",69,Music,2009
667,668,Pop Smoke - Something Special (Audio),"1,569,123","62,866",369,,2020
668,669,C‚Ä¢U‚Ä¢N‚Ä¢T‚Ä¢S ‚Ä¢ Game of Thrones ‚Ä¢ Season 7 Episode 6 Preview ‚Ä¢  Friends Parody,"880,221","24,932",310,Comedy,2017
669,670,Mission Impossible: Toddler Edition,"485,603","5,406",737,Comedy,2018
670,671,Pouring water down a 50 meter well.,"669,007","7,414",343,People & Blogs,2018
671,672,Potter Payper - Nothing's Free ft. Suspect OTB,"203,115","9,481",140,Music,2021
674,675,Eddy Court - Scoop & Boolin,"116,227","1,011",5,Music,2017
675,676,Zebra Drowning a Lion,"30,475,518","19,766","2,398",Autos & Vehicles,2009
676,677,66 year old Bodybuilder William Reed sees color for first time,"2,326,852","32,615",478,People & Blogs,2017
678,679,Red Suit || Official HD Video || Latest Punjabi Songs || RK Ramme,"1,080,296","2,237",61,Music,2017
679,680,Blueface - Finesse the Beat,"3,180,097","106,943","3,722",Music,2020
682,683,When you and your mates go snow boarding for the first time.,"793,869","5,953",230,People & Blogs,2018
683,684,"Lisa Simpson calls Donald Trump Presidency, Increased Debt","5,099,101","6,432",350,Comedy,2011
686,687,Calboy - Unjudge Me (Official Video) ft. Moneybagg Yo,"490,061","34,054",329,Music,2019
688,689,Jeopardy: What is a threesome?,"2,838,751","7,651",126,Comedy,2011
689,690,It happens only in India !!!,"3,102,872","10,975",195,Entertainment,2011
690,691,Garth Brooks - The Dance - Kick Cancer's ASS!,"3,751,723","2,513",90,Entertainment,2014
694,695,burgle HD,"1,186,446","9,731","1,001",People & Blogs,2016
695,696,Ïò§Î•¥Í≥® Life Is Still Going On,"556,702","81,813",158,Music,2021
696,697,Man destroys yellow jacket nest with bare hands ORIGINAL,"1,655,964","9,915",477,Comedy,2017
697,698,"KAMILLA - –ù–µ—Ç –ª—é–±–≤–∏ (–ü—Ä–µ–º—å–µ—Ä–∞ –∫–ª–∏–ø–∞, 2017)","1,260,133","3,393","1,468",People & Blogs,2017
698,699,"""get in the bag"" cat instantly regrets getting in the bag","2,795,415","66,612","1,292",People & Blogs,2017
699,700,Two passengers are leaving the toilet on a Virgin Atlantic flight #smilehighclub,"2,641,134","22,660",567,Travel & Events,2017
700,701,In the Halls of the Trumpen President,"2,287,550","28,020",546,People & Blogs,2016
701,702,Bruce Lee VS japanese school,"22,075,523","25,688",0,Film & Animation,2007
706,707,Darell - Booty Call (Official Video) ft. Kevvo,"2,557,146","72,186","2,173",Music,2020
707,708,Eurovision 2017 man shows his butt during Jamala performance,"811,441","9,223","1,350",Entertainment,2017
708,709,Ê≤ñÁ∏ÑÁúåË≠¶„ÄÅDQN„Çí„ÅØ„Å≠„Çã,"724,385","6,920",810,People & Blogs,2017
709,710,Sauce Boy Freestyle 5,"199,045","21,827",114,Music,2021
710,711,–°—É–ø–µ—Ä –≥–µ—Ä–æ–∏ —Å–µ—Ä–≤–∏—Å–∞ Nissan ‚Äî –¢–∞–π—Ä–æ,"1,921,703","2,947","1,776",People & Blogs,2017
711,712,Anas - Hania (Clip Officiel),"1,202,172","58,062","2,680",Music,2021
715,716,Dogs Charge Police Officer Meridian Idaho David Gomez,"2,271,314","11,303",261,Nonprofits & Activism,2016
716,717,The Most Loving Cat In The World,"3,411,990","4,751",74,People & Blogs,2015
717,718,Russian daughter congratulates Trump / –†—É—Å—Å–∫–∞—è –¥–æ—á–∫–∞ –ø–æ–∑–¥—Ä–∞–≤–ª—è–µ—Ç –¢—Ä–∞–º–ø–∞,"2,724,785","30,679","10,830",People & Blogs,2016
718,719,ÂêåÂ©ö_ÈáãÊò≠ÊÖßÊ≥ïÂ∏´vsÂü∫Áù£Êïô 20161124,"354,206","5,280",347,News & Politics,2016
719,720,Feel It,"389,735","6,511",59,Music,2020
721,722,Snow day in Raleigh,"986,365","8,312",533,People & Blogs,2017
722,723,Violet Chachki Fall Reveal,"622,111","6,471",66,People & Blogs,2015
723,724,Sharon stops a Koala fight in Portland.,"1,280,718","16,379","1,085",People & Blogs,2017
724,725,Killing spawn peekers can be hard sometimes,"700,441","12,116",108,People & Blogs,2017
725,726,Chopsticks!!!,"1,329,624","9,922",233,Music,2006
726,727,–ó–µ–º–ª–µ—Ç—Ä—è—Å–µ–Ω–∏–µ –Ω–∞ –ë–∞–π–∫–∞–ª–µ 16.03.2018,"433,395","5,946","1,739",People & Blogs,2018
727,728,"Rels B, Duki - OTRO CHEKE (Audio) ft. The Rudeboyz","246,789","29,114",238,Music,2019
728,729,Camilo - La Dif√≠cil (Official Video),"693,000","178,942","1,788",Music,2019
729,730,Mertesacker felt for Cringe Handshake !!,"391,066","4,959","2,233",Comedy,2017
730,731,Grand Theft Cow,"6,571,983","56,442",0,Comedy,2017
735,736,Are you ready for this?,"1,201,197","10,359",644,People & Blogs,2017
738,739,Tim Bengel Sand Artist Hoax,"626,922","7,443","1,844",News & Politics,2017
739,740,I AM THE LAW!,"1,001,145","4,766",59,Comedy,2009
741,742,Vitalik Buterin: This is time to go all in. Ethereum will hit $13K in the end of Month. ETH News!,"1,861,646","22,354",332,,2021
742,743,8 Rules of Fight Club Trailer,"1,352,408","2,752",97,Entertainment,2006
747,748,Dog Saves Deer... Good Boy Storm,"1,591,632","5,595",207,Education,2017
748,749,Smartest Police Dog Ever!,"3,818,260","2,410",29,People & Blogs,2009
749,750,Î∞ïÍ∑ºÌòú ÎåÄÌÜµÎ†π 'ÎåÄÍµ≠ÎØº Îã¥Ìôî'Ïùò Ïû¨Íµ¨ÏÑ±,"1,123,430","5,094",298,News & Politics,2016
755,756,baby playing in mother's womb !!!!!,"5,806,522","2,810",101,Entertainment,2010
756,757,WLIIA: Best Questions Only Game Ever!,"1,778,902","14,882",215,People & Blogs,2013
757,758,V'OLGA - –õ–û–í–ò–õ–ê,"1,136,235","2,735",756,People & Blogs,2017
758,759,"faire grossir sa poitrine, ses seins how to make big tits boobs","2,271,592","2,923",215,Film & Animation,2011
759,760,Rube BeauBerg Experiment,"338,078","6,506",484,Education,2012
763,764,ŸÖŸáÿ±ÿ¨ÿßŸÜ ÿ®ÿ±ŸäÿØÿ© ŸÑŸÑÿ™ŸÖŸàÿ± 1438 Ÿáÿ¨ÿ±Ÿäÿ©,"158,842","1,590",490,People & Blogs,2017
764,765,–¢–æ—Å–Ω–µ–Ω—Å–∫–∏–π —à—Ç–∞–± –æ –∑–∞–∫—Ä—ã—Ç–∏–∏. –û–±—Ä–∞—â–µ–Ω–∏–µ –∫ –ù–∞–≤–∞–ª—å–Ω–æ–º—É.,"430,346","3,205","16,467",People & Blogs,2018
765,766,AmagezaGautengSavingCalf_Short,"2,433,717","22,638",104,Sports,2011
770,771,Fake lenovo subwoofer,"896,059","2,624",93,Comedy,2013
771,772,Hans Zimmer - Black Hawk Down (Main Theme),"18,846,951","57,057","1,006",Film & Animation,2008
772,773,Stravinsky Firebird SCREAM,"2,286,142","14,263",151,Entertainment,2017
773,774,Wasp cuts bee in half,"900,753","4,414","3,987",People & Blogs,2013
774,775,Supermoto Trailer Jump - Real Life GTA,"937,049","4,957",268,People & Blogs,2018
775,776,VTEC SOUND,"1,439,814","2,379",110,Autos & Vehicles,2006
777,778,Service station attempted robbery,"346,486",433,8,People & Blogs,2016
778,779,Biometrids Decentralised and Anonymous ID by Facial Recognition,"44,939","6,760",81,Science & Technology,2018
779,780,Grandma falls into crib,"5,198,725","3,233",640,People & Blogs,2016
780,781,Surmeet Mayyar - Destiny|Captab Music|New punjabi,"1,210,006","5,561",39,Music,2016
782,783,Tyler1 screams as loud as he can but it's vocoded to gangsta's paradise,"6,892,417","326,670",0,Entertainment,2021
788,789,Rubi de #LosXvdeRubi abucheada en los Premios MTV Miaw 2017,"601,433","2,164",524,People & Blogs,2017
789,790,„ÄêÊúÄÂá∂„ÄëÊù±Êµ∑„Ç™„É≥„Ç®„Ç¢„ÅØ„ÇÜ„ÇÅ„Åæ„Çã„Åå‰∏ÄÁï™„ÄÅÂ§©ÊâçË™¨„Åß„Åî„Çè„Åô„ÄÇ,"1,146,538","8,217","1,793",People & Blogs,2018
790,791,Borat - Throw the Jew Down the Well!!,"14,780,300","113,914","5,175",,2006
791,792,Tunak Tunak Tun sped up every time they say Tunak,"4,545,880","80,858","2,766",People & Blogs,2016
792,793,"Red Hot Chili Peppers "" Californication "" ( LIVE )","1,318,163","4,440",74,Music,2008
793,794,Chuck Norris stops a chainsaw bare handed,"6,511,349","56,317","1,872",Howto & Style,2011
794,795,"""–ü–û–ñ–ò–†–ê–¢–ï–õ–¨"" –§–∏–ª—å–º –æ –∫–æ—Ä—Ä—É–ø—Ü–∏–æ–Ω–Ω—ã—Ö –¥–µ–π—Å—Ç–≤–∏—è—Ö –û–ª–µ–≥–∞ –°–æ—Ä–æ–∫–∏–Ω–∞ –≤ –ù–∏–∂–Ω–µ–º –ù–æ–≤–≥–æ—Ä–æ–¥–µ","1,163,542","33,531",178,News & Politics,2017
796,797,–°–∏–¥–∏—Ç —Å–µ–±–µ —Ç–∞–∫–æ–π —Å—Ç–∞—Ä–µ—é—â–∏–π –°–µ—Ä—ë–∂–∞... (–¢–∞—Ä—É—Ç–∞ –º—É–ª—å—Ç–∏–∫),"1,020,604","1,123",9,People & Blogs,2017
797,798,canon,"1,151,211","3,600",303,Music,2006
798,799,The JAWS OF DEATH AROUND ME my story,"15,694,317","2,156","16,530",Pets & Animals,2007
799,800,Tra Tra Tra,"2,663,550",734,212,Comedy,2007
803,804,Delaware Linemen Help Get The Power On in Puerto Rico,"330,993","5,766",270,People & Blogs,2018
806,807,–î–∞–º–±–ª–¥–æ—Ä –ø—Ä–æ–≥–Ω–∞–ª –í–æ–ª–∞–Ω-–¥–µ-–ú–æ—Ä—Ç–∞ –∏–∑ —ç–ª–µ–∫—Ç—Ä–∏—á–∫–∏,"907,268","28,505",990,People & Blogs,2016
807,808,The Carlton Dance,"21,982,633","125,259","1,804",Comedy,2006
811,812,How to accidentally discharge your pistol properly.,"1,075,334","11,324",327,People & Blogs,2016
812,813,Beijing Airpocalypse Arrival,"1,237,586","1,923",438,People & Blogs,2017
813,814,Flying Scotsman,"2,104,858","17,604",942,Film & Animation,2017
814,815,Lip Dub - Flagpole Sitta by Harvey Danger,"431,602","3,425",85,Music,2007
817,818,Nope,"2,804,741","14,656","1,512",Pets & Animals,2017
818,819,Guy dresses up as dog's favorite toy ORIGINAL,"34,208,522","1,134,285","6,964",Entertainment,2016
822,823,Kelly Clarkson - Stronger (lyrics + deutsche √úbersetzung),"2,264,728","4,545",126,Music,2012
823,824,–ò –∫–∞–∫ —ç—Ç–æ –Ω–∞–∑—ã–≤–∞–µ—Ç—Å—è?,"545,044","1,706","3,138",People & Blogs,2016
824,825,skyrim irl,"4,445,069","201,482","2,141",Gaming,2017
825,826,mike mo 12 yrs old,"899,520","2,384",189,Sports,2008
826,827,–°–∞—è–Ω—Å–∫–∏–π –º–µ—Ç–µ–æ—Ä–∏—Ç.,"701,308","2,013","3,013",People & Blogs,2016
830,831,Pop Smoke - Gangstas,"6,522,744","127,566","1,390",,2020
831,832,"Silicon Valley S01E08 Dick Joke ""Mean Jerk Time"" (Full)","743,586","4,314",129,Film & Animation,2014
832,833,Jessie J 'Domino' [HIT SINGLE] Official Lyric Video + Single Cover (Full Song),"14,378,553","29,600",779,,2011
833,834,Penn State Dad Surprised with Rose Bowl Tickets,"886,251","13,187",338,People & Blogs,2016
834,835,"Kitty Corliss ""Grinding the Crack""","7,165,556","47,671",866,Pets & Animals,2011
835,836,Review of Freightliner Engine goes off the rails,"779,448","10,343",258,Autos & Vehicles,2016
837,838,The last thing my Nest cam saw...,"1,103,324","2,863","3,111",Comedy,2017
838,839,Alicia Keys How to Save A Life (the Fray Cover) Radio One Live Lounge,"974,519","1,532",803,Music,2009
839,840,Billie Jean (Live),"1,240,220","3,198",67,Entertainment,2006
845,846,JD Pantoja - Idiota (Official Video),"2,914,712","516,071","18,824",Music,2020
846,847,Lola and Annie - Road Trip Karaoke,"7,095,244","4,677",200,Comedy,2017
847,848,Mous-K - On part √† la guerre (Clip officiel) ft. Bosh,"185,963","8,778",134,Music,2020
848,849,Curb Your Middle Finger,"2,148,818","102,656",0,People & Blogs,2020
854,855,"Preme - DnF (Explicit) ft. Drake, Future","49,668,132","255,859","9,673",Music,2014
855,856,Brilliant Earth Diamond Jewelry ‚Äì Real Customer Stories,"1,077,105","5,070",257,Education,2017
856,857,–ì—Ä–∞–¥ –≤ –ü–∏—Ç–µ—Ä–µ 22.07.17! –ú–æ—Å–∫–æ–≤—Å–∫–∏–µ –≤–æ—Ä–æ—Ç–∞.,"529,555","2,955",225,People & Blogs,2017
857,858,"Camilo, Shakira, Pedro Cap√≥ - Tutu (Remix - Audio)","503,155","96,284","4,974",Music,2019
858,859,Smart German Shepherd:  Twitch Letting Sophie Out of Her Kennel,"9,071,139","6,457",432,Pets & Animals,2012
861,862,Polo G - Martin & Gina (Official Video),"1,574,335","169,603","1,339",Music,2020
862,863,–†–∞–∑–≤–æ–¥ –Ω–∞ –ª–æ–∂–∫—É –æ—Ç –≤–æ—Ä–æ–Ω—ã,"2,215,297","27,798","1,265",People & Blogs,2017
863,864,"Children Of Bodom - ""In Your Face""","10,945,662","44,450","1,852",Music,2006
864,865,Trump in Home Alone 2,"7,876,999","34,035","2,069",Entertainment,2012
865,866,OPETTAJA SERVAA OPPILAAN,"612,669","8,823",283,Entertainment,2016
866,867,tinker bell dies of lack of attention,"1,680,831","117,780",0,People & Blogs,2021
869,870,–ü–∞–¥–µ–Ω–∏–µ –º–µ—Ç–µ–æ—Ä–∏—Ç–∞ –≤ –°–∞–Ω–∫—Ç-–ü–µ—Ç–µ—Ä–±—É—Ä–≥–µ,"508,176","1,862","1,241",Film & Animation,2017
871,872,Heaven - DJ Sammy Remix,"11,370,933","21,100",0,Music,2006
875,876,Jƒôdrzej√≥w 26 wrzesie≈Ñ 2017r strze≈ºony przejazd kolejowy...,"509,539","2,706",159,Music,2017
879,880,Metallica-Fade To Black,"35,496,234","88,736","2,442",Music,2006
880,881,Keg tapping goes horribly wrong.,"751,804","3,427",313,Entertainment,2017
881,882,Lil Tjay - 20/20 (Official Audio),"716,183","77,596",318,Music,2020
882,883,David Cook and David Archuleta Guitar Hero Commercials!,"2,911,092","8,025",495,Entertainment,2008
883,884,KIKESA - √Ä ma place (Clip Officiel),"140,480","12,693",116,Music,2021
888,889,Mii Channel Theme Band Prank,"541,067","8,480",85,People & Blogs,2018
889,890,The best gymnastics of the world 1,"1,998,858","1,783",292,Sports,2007
895,896,Stephen Colbert's wife cameo at her husband's Late Show!,"3,791,687","25,323",764,Comedy,2017
896,897,Foo Fighters x Rick Astley - Never Gonna Give You Up (Live @ Summer Sonic Festival 2017),"2,129,145","19,690",556,People & Blogs,2017
897,898,(THE ORIGINAL FIRST VIDEO) Hidden inappropriate drawing in Maya the Bee!,"661,841","1,657",420,People & Blogs,2017
898,899,TwoGrandFA,"770,826","4,131",85,People & Blogs,2017
901,902,Policjant i pieszy Pozna≈Ñ ul:G≈Çogowska,"621,790","6,221",240,Autos & Vehicles,2017
905,906,Irie Maffia: Hands In The Air,"1,944,899","5,590",107,Music,2008
906,907,What happens when you surprise your BF with a boxer puppy?,"681,624","3,157",36,People & Blogs,2013
907,908,–ù–ï –ü–û–í–ï–ó–õ–û - UNLUCKY,"14,921,437","3,604","1,225",Comedy,2009
908,909,This is how Geert Wilders should be interviewed. For sure Dutch media can learn something from BBC,"869,249","5,545","1,970",People & Blogs,2017
909,910,–®–Ω—É—Ä - –ñ–µ—Å—Ç–æ–∫–æ–µ –∏–Ω—Ç–µ—Ä–≤—å—é,"4,821,385","22,694","2,233",Entertainment,2007
910,911,mbc Í∏∞ÏûêÎì§Ïùò Íµ¥Ïöï...,"957,326","3,457",301,Nonprofits & Activism,2016
915,916,Î∞ïÍ∑ºÌòú ÎåÄÌÜµÎ†π ÌÉÑÌïµÏïà Í∞ÄÍ≤∞!!Ïã§ÏãúÍ∞Ñ Ïñ¥Îäê Í≥†Îì±ÌïôÍµêÏùò Ìè≠Î∞úÏ†ÅÏù∏ Î∞òÏùë!!!(Korea high schoolers react to the impeachment of president.),"1,703,647","15,176",552,People & Blogs,2016
916,917,Boomerang,"3,050,764","3,939",290,Comedy,2005
917,918,„Äê100‰∏áÂÜçÁîüÂõûÊï∞ÈÅîÊàê„Äë‚òÖÂ§ßÈò™‰∫∫Ê∞ó„Éä„É≥„Éê„Éº„ÉØ„É≥„ÅÆ„Ç®„Çπ„ÉÜ„Çµ„É≠„É≥‚òÖ1ÂàÜÈñì„Éù„É≥„Éù„É≥„Åô„Çã„Å†„Åë„ÅßÁ©∂Ê•µ„É™„Éï„Éà„Ç¢„ÉÉ„Éó,"1,017,738","3,326","2,277",People & Blogs,2017
922,923,Racist Woman yelling and demanding to see a white doctor born in Canada.,"1,614,429","6,369","2,096",Comedy,2017
923,924,Remember the 80's ?,"3,293,594","1,481",89,Comedy,2006
924,925,Kobe dunks over Shaq in practice (funny),"12,649,333","4,492","1,247",Sports,2006
925,926,Groom forgets rings prank,"2,760,303","1,730",212,Entertainment,2016
929,930,"–•–æ–∫–∫–µ–∏—Å—Ç–∫–∏ –†–æ—Å—Å–∏–∏ –∑–∞—Å—Ç–∞–≤–∏–ª–∏ —Å–º–æ–ª–∫–Ω—É—Ç—å —Ç—Ä–∏–±—É–Ω—ã, –æ—Å–≤–∏—Å—Ç—ã–≤–∞—é—â–∏–µ —Ä–æ—Å—Å–∏–π—Å–∫–∏–π –≥–∏–º–Ω. –ñ–µ–Ω—Å–∫–∏–π –ú–ß–ú-2017.","1,191,850","7,735",546,People & Blogs,2017
930,931,When the Cyberpunk 2077 combat music kicks in,"2,368,634","127,435",0,Comedy,2020
934,935,NO POMEGRANATES,"4,648,330","153,880","1,563",People & Blogs,2017
935,936,Jean-Claude Juncker drunk and bitch slaps leaders,"2,668,268","5,378",576,People & Blogs,2015
936,937,Lunchtime baby belly laughs,"575,200","5,231",150,Entertainment,2017
937,938,The megalodon-World's Biggest Shark,"13,893,527","8,744","5,157",Entertainment,2007
942,943,Big Bang Theory - Why Sheldon does not celebrate christmas,"1,684,744","4,911",135,Comedy,2010
943,944,Why athletes should wear pants,"17,802,747","2,935","46,151",Sports,2008
944,945,Sold Pupper Dance,"1,712,611","38,836",434,People & Blogs,2017
945,946,Ken Lee or Without you by Mariah Carey (ENGLISH SUBTITLES),"18,308,842","28,127","1,491",Entertainment,2008
946,947,HSMFanNisa Exclusive:High School Musical 2 Song(s)With Lyric,"7,352,624","2,538",256,Music,2007
949,950,"""–ì–∏—Ç–ª–µ—Ä 1945 / –ù–∞–≤–∞–ª—å–Ω—ã–π 2018"" ‚Äî –ú–û–ñ–ï–ú –ü–û–í–¢–û–†–ò–¢–¨!","2,282,062","15,180","178,042",People & Blogs,2017
950,951,Star Wars but every time someone shoots a laser it speeds up,"5,535,360","89,869","5,731",Film & Animation,2016
951,952,That awkward moment when Hugh Jackman remembers he taught you at school,"6,602,771","118,797",840,Entertainment,2013
952,953,Comedian Hits on Hecklers Girlfriend,"5,260,834","6,870","1,032",Comedy,2007
953,954,2016 MAMA ÁéãÂ§ßÈô∏ Â§ßÂπ≥Âè∞,"1,735,464","2,708","4,760",People & Blogs,2016
954,955,S.Pri Noir - 7 vies (Clip Officiel) ft. RK,"185,304","13,026",111,Music,2021
955,956,r/place meteor,"770,494","26,094",0,Gaming,2022
960,961,Cocky Fighter blinks and gets KO'd on TUF 24,"3,451,065","16,886","1,227",Sports,2016
961,962,Sleeping Beauty Proposal,"2,419,418","27,748",200,Comedy,2020
962,963,Ridiculous editing,"573,270","3,569",260,People & Blogs,2017
968,969,Kurdish KANGAL vs.American Pitbull Terrier Dog Fight 2008,"8,066,421","1,267","5,689",Pets & Animals,2008
969,970,–ù–∞–ø–∞–¥–µ–Ω–∏–µ –±–∞–π–∫–µ—Ä–æ–≤ –Ω–∞ –º–∞—à–∏–Ω—É! (—Å –Ω–µ–æ–∂–∏–¥–∞–Ω–Ω—ã–º –∫–æ–Ω—Ü–æ–º!),"15,766,889","15,639","2,200",People & Blogs,2014
970,971,Average Guy vs Football Players,"2,281,850","12,245",421,Sports,2010
971,972,Seth Rogen Laugh + Cantina Song = Nightmares,"9,244,302","76,823","2,393",Entertainment,2014
972,973,Piccola - Piccola (Official Fan Video),"1,650,882","4,499",189,Music,2017
973,974,Kiss Guy (YAYO Sanchez) plays Monkeywrench w/ Foo Fighters Austin TX 4-18-18,"5,463,878","40,430",745,Music,2018
974,975,Dalek Relaxation Tape,"1,879,731","19,392",252,Entertainment,2012
976,977,Angry pedestrian gets instant karma,"9,628,813","133,087","4,086",Entertainment,2017
977,978,ECKO - MUJER (Official Video),"1,611,367","73,686","4,244",,2020
978,979,–ñ–∏–∑–Ω—å –ø–ª–∞—Å—Ç–∏–∫–æ–≤–æ–π –±—É—Ç—ã–ª–∫–∏,"2,061,290","2,432",387,People & Blogs,2017
979,980,German Shepherd suddenly realizes he is at the vet,"7,053,186","71,435","1,980",People & Blogs,2014
980,981,Tafel st√ºrzt beinahe auf Dozenten | TU M√ºnchen | Elektrotechnik,"2,184,618","39,566","1,147",People & Blogs,2017
981,982,DIESEL LOUIE,"1,605,558","1,035",52,Autos & Vehicles,2007
982,983,FloRida - Right Round (VinylRockerz Remix),"3,334,348","3,889",471,Music,2009
984,985,Cantona VS Supporter,"3,694,102","5,186",465,Sports,2011
985,986,Popping a Balloon in an Anechoic Chamber,"6,356,385","32,310","6,821",Science & Technology,2015
986,987,The Biggest Tourbillon Wristwatch - Maximus by Kerbedanz in Limited Edition,"324,725","5,456",136,People & Blogs,2017
994,995,"Rihanna ""Cry""","32,695,896","47,735","1,456",Music,2007
995,996,New Champ Kayn/Rhaast Leak for LOL (Moobeat credit me you derro),"847,249","1,857",173,People & Blogs,2017
996,997,Ford Mustang Launch (street),"1,001,605","2,214",27,Autos & Vehicles,2008
997,998,Eminem is gay - The Interview,"2,718,939","43,492",0,Entertainment,2014
998,999,Yakuza OST - Baka Mitai („Å∞„Åã„Åø„Åü„ÅÑ) Kiryu full version,"52,890,986","850,425",0,Gaming,2017
